Unnamed: 0	Phosphopeptide Sequence	Modified	Modified_HeaviesAnnotated	DIANN_Mods	LibraryHeavies
0	LG(pS)QHSPGR	_LGS[+80]QHSPGR_	LGS[+80]QHSPGR[+10]	LGS(UniMod:21)QHSPGR(UniMod:267)	_LGS[+80]QHSPGR[+10]_
1	LMTGDT(pY)TAHAGAK	_LMTGDTY[+80]TAHAGAK_	KIS[+80]VVSATK[+8]	KIS(UniMod:21)VVSATK(UniMod:259)	_KIS[+80]VVSATK[+8]_
2	KI(pS)VVSATK	_KIS[+80]VVSATK_	T[+80]FC[+57]GTPEYLAPEVLEDNDYGR[+10]	T(UniMod:21)FCGTPEYLAPEVLEDNDYGR(UniMod:267)	_T[+80]FC[+57]GTPEYLAPEVLEDNDYGR[+10]_
3	QKG(pS)EENLDEAR	_QKGS[+80]EENLDEAR_	R[+10]PHFPQFS[+80]YSASGTA	R(UniMod:267)PHFPQFS(UniMod:21)YSASGTA	_R[+10]PHFPQFS[+80]YSASGTA_
4	RPHFPQF(pS)YSASGTA	_RPHFPQFS[+80]YSASGTA_	LNT[+80]SDFQK[+8]	LNT(UniMod:21)SDFQK(UniMod:259)	_LNT[+80]SDFQK[+8]_
5	(pT)F(Cam)GTPEYLAPEVLEDNDYGR	_T[+80]FGTPEYLAPEVLEDNDYGR_	THFPQFS[+80]YSASIR[+10]	THFPQFS(UniMod:21)YSASIR(UniMod:267)	_THFPQFS[+80]YSASIR[+10]_
6	LN(pT)SDFQK	_LNT[+80]SDFQK_	THFPQFS[+80]YSASIRE[+6]	THFPQFS(UniMod:21)YSASIRE	_THFPQFS[+80]YSASIRE[+6]_
7	THFPQF(pS)YSASIR	_THFPQFS[+80]YSASIR_	RPHFPQFS[+80]YSASGR[+10]	RPHFPQFS(UniMod:21)YSASGR(UniMod:267)	_RPHFPQFS[+80]YSASGR[+10]_
8	THFPQF(pS)YSASIRE	_THFPQFS[+80]YSASIRE_	RPHFPQFS[+80]YSASGRE[+6]	RPHFPQFS(UniMod:21)YSASGRE	_RPHFPQFS[+80]YSASGRE[+6]_
9	RPHFPQF(pS)YSASGR	_RPHFPQFS[+80]YSASGR_	QNS[+80]VQEQPGTAC[+57]LSK[+8]	QNS(UniMod:21)VQEQPGTACLSK(UniMod:259)	_QNS[+80]VQEQPGTAC[+57]LSK[+8]_
10	RPHFPQF(pS)YSASGRE	_RPHFPQFS[+80]YSASGRE_	QHEAPSNRPLNELLT[+80]PQGPSPR[+10]	QHEAPSNRPLNELLT(UniMod:21)PQGPSPR(UniMod:267)	_QHEAPSNRPLNELLT[+80]PQGPSPR[+10]_
11	TSTIMTDYNPN(pY)(Cam)FAGK	_TSTIMTDYNPNY[+80]FAGK_	QHEAPSNRPLNELLTPQGPS[+80]PR[+10]	QHEAPSNRPLNELLTPQGPS(UniMod:21)PR(UniMod:267)	_QHEAPSNRPLNELLTPQGPS[+80]PR[+10]_
12	NKPTSLWNPT(pY)GSWFTEKPTK	_NKPTSLWNPTY[+80]GSWFTEKPTK_	NLGYRDS[+80]GYYWEVPPSEVQLLK[+8]	NLGYRDS(UniMod:21)GYYWEVPPSEVQLLK(UniMod:259)	_NLGYRDS[+80]GYYWEVPPSEVQLLK[+8]_
13	HFPCGNVNYGYQQQGLPLEAATAPGAGH(pY)EDTILK	_HFPCGNVNYGYQQQGLPLEAATAPGAGHY[+80]EDTILK_	DS[+80]GYYWEVPPSEVQLLK[+8]	DS(UniMod:21)GYYWEVPPSEVQLLK(UniMod:259)	_DS[+80]GYYWEVPPSEVQLLK[+8]_
14	LLG(pS)LDEVVLLSPVPELRD(pS)SK	_LLGS[+80]LDEVVLLSPVPELRDS[+80]SK_	SLAFEEGS[+80]QSTTISSLSEK[+8]	SLAFEEGS(UniMod:21)QSTTISSLSEK(UniMod:259)	_SLAFEEGS[+80]QSTTISSLSEK[+8]_
15	QN(pS)VQEQPGTA(Cam)LSK	_QNS[+80]VQEQPGTALSK_	TT[+80]LC[+57]GTLDYLPPEMIEGR[+10]	TT(UniMod:21)LCGTLDYLPPEMIEGR(UniMod:267)	_TT[+80]LC[+57]GTLDYLPPEMIEGR[+10]_
16	MQNHG(pY)ENPTYK	_MQNHGY[+80]ENPTYK_	KT[+80]MC[+57]GTLDYLPPEMIEGR[+10]	KT(UniMod:21)MCGTLDYLPPEMIEGR(UniMod:267)	_KT[+80]MC[+57]GTLDYLPPEMIEGR[+10]_
17	QHEAPSNRPLNELLTPQGP(pS)PR	_QHEAPSNRPLNELLTPQGPS[+80]PR_	T[+80]MC[+57]GTLDYLPPEMIEGR[+10]	T(UniMod:21)MCGTLDYLPPEMIEGR(UniMod:267)	_T[+80]MC[+57]GTLDYLPPEMIEGR[+10]_
18	D(pS)GYYWEVPPSEVQLLK	_DS[+80]GYYWEVPPSEVQLLK_	IYNGDYY[+80]R[+10]	IYNGDYY(UniMod:21)R(UniMod:267)	_IYNGDYY[+80]R[+10]_
19	NLGYRD(pS)GYYWEVPPSEVQLLK	_NLGYRDS[+80]GYYWEVPPSEVQLLK_	HSS[+80]YPAGTEDDEGMGEEPSPFR[+10]	HSS(UniMod:21)YPAGTEDDEGMGEEPSPFR(UniMod:267)	_HSS[+80]YPAGTEDDEGMGEEPSPFR[+10]_
20	QHEAPSNRPLNELL(pT)PQGPSPR	_QHEAPSNRPLNELLT[+80]PQGPSPR_	S[+80]APPNLWAAQR[+10]	S(UniMod:21)APPNLWAAQR(UniMod:267)	_S[+80]APPNLWAAQR[+10]_
21	QHEAPSNRPLNELL(pT)PQGP(pS)PR	_QHEAPSNRPLNELLT[+80]PQGPS[+80]PR_	TS[+80]PLQTPAAPGAAAGPALSPVPPVVHLTLR[+10]	TS(UniMod:21)PLQTPAAPGAAAGPALSPVPPVVHLTLR(UniMod:267)	_TS[+80]PLQTPAAPGAAAGPALSPVPPVVHLTLR[+10]_
22	NLGYRDSGY(pY)WEVPPSEVQLLKR	_NLGYRDSGYY[+80]WEVPPSEVQLLKR_	S[+80]PLFIFMR[+10]	S(UniMod:21)PLFIFMR(UniMod:267)	_S[+80]PLFIFMR[+10]_
23	SLAFEEG(pS)QSTTISSLSEK	_SLAFEEGS[+80]QSTTISSLSEK_	GDGGSTTGLS[+80]ATPPASLPGSLTNVK[+8]	GDGGSTTGLS(UniMod:21)ATPPASLPGSLTNVK(UniMod:259)	_GDGGSTTGLS[+80]ATPPASLPGSLTNVK[+8]_
24	STGKGD(pS)(Cam)D(pS)SEDKK	_STGKGDS[+80]DS[+80]SEDKK_	R[+10]DS[+80]SDDWEIPDGQITVGQR	R(UniMod:267)DS(UniMod:21)SDDWEIPDGQITVGQR	_R[+10]DS[+80]SDDWEIPDGQITVGQR_
25	T(pT)L(Cam)GTLDYLPPEMIEGR	_TT[+80]LGTLDYLPPEMIEGR_	DS[+80]SDDWEIPDGQITVGQR[+10]	DS(UniMod:21)SDDWEIPDGQITVGQR(UniMod:267)	_DS[+80]SDDWEIPDGQITVGQR[+10]_
26	(pT)M(Cam)GTLDYLPPEMIEGR	_T[+80]MGTLDYLPPEMIEGR_	DLMLS[+80]GER[+10]	DLMLS(UniMod:21)GER(UniMod:267)	_DLMLS[+80]GER[+10]_
27	K(pT)M(Cam)GTLDYLPPEMIEGR	_KT[+80]MGTLDYLPPEMIEGR_	VVALY[+80]DYMPMNANDLQLR[+10]	VVALY(UniMod:21)DYMPMNANDLQLR(UniMod:267)	_VVALY[+80]DYMPMNANDLQLR[+10]_
28	IYNGD(pY)YR	_IYNGDY[+80]YR_	YVLDDEY[+80]TSSVGSK[+8]	YVLDDEY(UniMod:21)TSSVGSK(UniMod:259)	_YVLDDEY[+80]TSSVGSK[+8]_
29	HS(pS)YPAGTEDDEGMGEEPSPFR	_HSS[+80]YPAGTEDDEGMGEEPSPFR_	S[+80]PGDFTSAAQLASTPFHK[+8]	S(UniMod:21)PGDFTSAAQLASTPFHK(UniMod:259)	_S[+80]PGDFTSAAQLASTPFHK[+8]_
30	(pS)APPNLWAAQR	_S[+80]APPNLWAAQR_	S[+80]IHRDHIESPK[+8]	S(UniMod:21)IHRDHIESPK(UniMod:259)	_S[+80]IHRDHIESPK[+8]_
31	T(pS)PLQTPAAPGAAAGPALSPVPPVVHLTLR	_TS[+80]PLQTPAAPGAAAGPALSPVPPVVHLTLR_	EAAGPAPS[+80]PMR[+10]	EAAGPAPS(UniMod:21)PMR(UniMod:267)	_EAAGPAPS[+80]PMR[+10]_
32	(pS)PLFIFMR	_S[+80]PLFIFMR_	VYT[+80]HEVVTLWYR[+10]	VYT(UniMod:21)HEVVTLWYR(UniMod:267)	_VYT[+80]HEVVTLWYR[+10]_
33	D(pS)SDDWEIPDGQITVGQR	_DS[+80]SDDWEIPDGQITVGQR_	KHVSGITLLS[+80]PK[+8]	KHVSGITLLS(UniMod:21)PK(UniMod:259)	_KHVSGITLLS[+80]PK[+8]_
34	RD(pS)SDDWEIPDGQITVGQR	_RDS[+80]SDDWEIPDGQITVGQR_	YSSS[+80]QPEPR[+10]	YSSS(UniMod:21)QPEPR(UniMod:267)	_YSSS[+80]QPEPR[+10]_
35	GDGGSTTGLSA(pT)PPASLPGSLTNVK	_GDGGSTTGLSAT[+80]PPASLPGSLTNVK_	LVQGISFS[+80]QPTC[+57]PDHMLLNSQLLGTPGSSQNPWQR[+10]	LVQGISFS(UniMod:21)QPTCPDHMLLNSQLLGTPGSSQNPWQR(UniMod:267)	_LVQGISFS[+80]QPTC[+57]PDHMLLNSQLLGTPGSSQNPWQR[+10]_
36	DLML(pS)GER	_DLMLS[+80]GER_	AILGS[+80]YR[+10]	AILGS(UniMod:21)YR(UniMod:267)	_AILGS[+80]YR[+10]_
37	VVAL(pY)DYMPMNANDLQLR	_VVALY[+80]DYMPMNANDLQLR_	AAVSHWQQQSYLDS[+80]GIHSGATTTAPSLSGK[+8]	AAVSHWQQQSYLDS(UniMod:21)GIHSGATTTAPSLSGK(UniMod:259)	_AAVSHWQQQSYLDS[+80]GIHSGATTTAPSLSGK[+8]_
38	YVLDDE(pY)TSSVGSK	_YVLDDEY[+80]TSSVGSK_	RTS[+80]MGGTQQQFVEGVR[+10]	RTS(UniMod:21)MGGTQQQFVEGVR(UniMod:267)	_RTS[+80]MGGTQQQFVEGVR[+10]_
39	(pS)PGDFTSAAQLASTPFHK	_S[+80]PGDFTSAAQLASTPFHK_	TS[+80]MGGTQQQFVEGVR[+10]	TS(UniMod:21)MGGTQQQFVEGVR(UniMod:267)	_TS[+80]MGGTQQQFVEGVR[+10]_
40	(pS)PSGPVK	_S[+80]PSGPVK_	IRLFS[+80]ADPFDLEAQAK[+8]	IRLFS(UniMod:21)ADPFDLEAQAK(UniMod:259)	_IRLFS[+80]ADPFDLEAQAK[+8]_
41	DNVY(pY)YDEEGGGEEDQDFDLSQLHR	_DNVYY[+80]YDEEGGGEEDQDFDLSQLHR_	LIES[+80]KPK[+8]	LIES(UniMod:21)KPK(UniMod:259)	_LIES[+80]KPK[+8]_
42	(pS)IHRDHIESPK	_S[+80]IHRDHIESPK_	APEPDLMS[+80]PTR[+10]K	APEPDLMS(UniMod:21)PTR(UniMod:267)K	_APEPDLMS[+80]PTR[+10]K_
43	VTQEQYEL(pY)CEMGSTFQLCK	_VTQEQYELY[+80]CEMGSTFQLCK_	QNTPQYLAS[+80]PLDQEVVPC[+57]TPSHVGR[+10]	QNTPQYLAS(UniMod:21)PLDQEVVPCTPSHVGR(UniMod:267)	_QNTPQYLAS[+80]PLDQEVVPC[+57]TPSHVGR[+10]_
44	EAAGPAP(pS)PMR	_EAAGPAPS[+80]PMR_	SDKS[+80]PDLAPTPAPQSTPR[+10]	SDKS(UniMod:21)PDLAPTPAPQSTPR(UniMod:267)	_SDKS[+80]PDLAPTPAPQSTPR[+10]_
45	VY(pT)HEVVTLWYR	_VYT[+80]HEVVTLWYR_	SDKSPDLAPTPAPQST[+80]PR[+10]	SDKSPDLAPTPAPQST(UniMod:21)PR(UniMod:267)	_SDKSPDLAPTPAPQST[+80]PR[+10]_
46	IGEGT(pY)GVVYK	_IGEGTY[+80]GVVYK_	S[+80]PDLAPTPAPQSTPR[+10]	S(UniMod:21)PDLAPTPAPQSTPR(UniMod:267)	_S[+80]PDLAPTPAPQSTPR[+10]_
47	KHVSGITLL(pS)PK	_KHVSGITLLS[+80]PK_	SPDLAPTPAPQST[+80]PR[+10]	SPDLAPTPAPQST(UniMod:21)PR(UniMod:267)	_SPDLAPTPAPQST[+80]PR[+10]_
48	YSS(pS)QPEPR	_YSSS[+80]QPEPR_	SDPSGHLT[+80]GMVGTALYVSPEVQGSTK[+8]	SDPSGHLT(UniMod:21)GMVGTALYVSPEVQGSTK(UniMod:259)	_SDPSGHLT[+80]GMVGTALYVSPEVQGSTK[+8]_
49	LVQGISF(pS)QPT(Cam)PDHMLLNSQLLGTPGSSQNPWQR	_LVQGISFS[+80]QPTPDHMLLNSQLLGTPGSSQNPWQR_	VVLGDGVQLPPGDYSTT[+80]PGGTLFSTT[+80]PGGTR[+10]	VVLGDGVQLPPGDYSTT(UniMod:21)PGGTLFSTT(UniMod:21)PGGTR(UniMod:267)	_VVLGDGVQLPPGDYSTT[+80]PGGTLFSTT[+80]PGGTR[+10]_
50	AILG(pS)YR	_AILGS[+80]YR_	FLMEC[+57]R[+10]NS[+80]PVTK	FLMECR(UniMod:267)NS(UniMod:21)PVTK	_FLMEC[+57]R[+10]NS[+80]PVTK_
51	HDDYYRER(pS)R	_HDDYYRERS[+80]R_	LIPKVT[+80]K[+8]	LIPKVT(UniMod:21)K(UniMod:259)	_LIPKVT[+80]K[+8]_
52	RVPNA(pY)DK	_RVPNAY[+80]DK_	LLGPSFESYLLPELT[+80]R[+10]	LLGPSFESYLLPELT(UniMod:21)R(UniMod:267)	_LLGPSFESYLLPELT[+80]R[+10]_
53	SR(pT)(pS)VQTEDDQLIAGQSAR	_SRT[+80]S[+80]VQTEDDQLIAGQSAR_	LLDIDETEY[+80]HADGGK[+8]	LLDIDETEY(UniMod:21)HADGGK(UniMod:259)	_LLDIDETEY[+80]HADGGK[+8]_
54	AAVSHWQQQSYLD(pS)GIHSGATTTAPSLSGK	_AAVSHWQQQSYLDS[+80]GIHSGATTTAPSLSGK_	GTP[+6]TAENPEY[+80]LGLDVPV	GTPTAENPEY(UniMod:21)LGLDVPV	_GTP[+6]TAENPEY[+80]LGLDVPV_
55	RT(pS)MGGTQQQFVEGVR	_RTS[+80]MGGTQQQFVEGVR_	DGGGPGGDYAAMGAC[+57]PASEQGY[+80]EEMR[+10]	DGGGPGGDYAAMGACPASEQGY(UniMod:21)EEMR(UniMod:267)	_DGGGPGGDYAAMGAC[+57]PASEQGY[+80]EEMR[+10]_
56	T(pS)MGGTQQQFVEGVR	_TS[+80]MGGTQQQFVEGVR_	ESSIIAPAPAEDVDT[+80]PPR[+10]K	ESSIIAPAPAEDVDT(UniMod:21)PPR(UniMod:267)K	_ESSIIAPAPAEDVDT[+80]PPR[+10]K_
57	NSNSN(pS)D(pS)DEDEQRKK	_NSNSNS[+80]DS[+80]DEDEQRKK_	DIHHIDY[+80]YK[+8]K	DIHHIDY(UniMod:21)YK(UniMod:259)K	_DIHHIDY[+80]YK[+8]K_
58	IRLF(pS)ADPFDLEAQAK	_IRLFS[+80]ADPFDLEAQAK_	DINNIDY[+80]YK[+8]K	DINNIDY(UniMod:21)YK(UniMod:259)K	_DINNIDY[+80]YK[+8]K_
59	LIE(pS)KPK	_LIES[+80]KPK_	DIMSDSNY[+80]VVR[+10]	DIMSDSNY(UniMod:21)VVR(UniMod:267)	_DIMSDSNY[+80]VVR[+10]_
60	APEPDLM(pS)PTRK	_APEPDLMS[+80]PTRK_	SC[+57]T[+80]WPLPR[+10]	SCT(UniMod:21)WPLPR(UniMod:267)	_SC[+57]T[+80]WPLPR[+10]_
61	QNTPQYLA(pS)PLDQEVVPCTPSHVGR	_QNTPQYLAS[+80]PLDQEVVPCTPSHVGR_	TSS[+80]NASTISGR[+10]	TSS(UniMod:21)NASTISGR(UniMod:267)	_TSS[+80]NASTISGR[+10]_
62	VYT(pY)IQSR	_VYTY[+80]IQSR_	SC[+57]T[+80]WPLQRPELQASPAK[+8]	SCT(UniMod:21)WPLQRPELQASPAK(UniMod:259)	_SC[+57]T[+80]WPLQRPELQASPAK[+8]_
63	ALMDEEDMDDVVDADE(pY)LIPQQGFFSSPSTSR	_ALMDEEDMDDVVDADEY[+80]LIPQQGFFSSPSTSR_	AVS[+80]MDNSNKYTK[+8]	AVS(UniMod:21)MDNSNKYTK(UniMod:259)	_AVS[+80]MDNSNKYTK[+8]_
64	YSSDPTGALTEDSIDDTFLPVPE(pY)INQSVPK	_YSSDPTGALTEDSIDDTFLPVPEY[+80]INQSVPK_	NNHQTELEVPRT[+80]PR[+10]	NNHQTELEVPRT(UniMod:21)PR(UniMod:267)	_NNHQTELEVPRT[+80]PR[+10]_
65	RPAGSVQNPV(pY)HNQPLNPAPSR	_RPAGSVQNPVY[+80]HNQPLNPAPSR_	SSDS[+80]YAVIDLK[+8]	SSDS(UniMod:21)YAVIDLK(UniMod:259)	_SSDS[+80]YAVIDLK[+8]_
66	GSHQISLDNPD(pY)QQDFFPK	_GSHQISLDNPDY[+80]QQDFFPK_	KLS[+80]LSEGK[+8]	KLS(UniMod:21)LSEGK(UniMod:259)	_KLS[+80]LSEGK[+8]_
67	GSTAENAE(pY)LR	_GSTAENAEY[+80]LR_	NY[+80]VTPVNR[+10]	NY(UniMod:21)VTPVNR(UniMod:267)	_NY[+80]VTPVNR[+10]_
68	(pS)PDLAPTPAPQSTPR	_S[+80]PDLAPTPAPQSTPR_	TSS[+80]FAEPGGGGGGGGGGPGGSASGPGGTGGGK[+8]	TSS(UniMod:21)FAEPGGGGGGGGGGPGGSASGPGGTGGGK(UniMod:259)	_TSS[+80]FAEPGGGGGGGGGGPGGSASGPGGTGGGK[+8]_
69	SDK(pS)PDLAPTPAPQSTPR	_SDKS[+80]PDLAPTPAPQSTPR_	TTS[+80]FAESC[+57]KPVQQPSAFGSMK[+8]	TTS(UniMod:21)FAESCKPVQQPSAFGSMK(UniMod:259)	_TTS[+80]FAESC[+57]KPVQQPSAFGSMK[+8]_
70	SDKSPDLAPTPAPQS(pT)PR	_SDKSPDLAPTPAPQST[+80]PR_	GEPNVSY[+80]IC[+57]SR[+10]	GEPNVSY(UniMod:21)ICSR(UniMod:267)	_GEPNVSY[+80]IC[+57]SR[+10]_
71	SPDLAPTPAPQS(pT)PR	_SPDLAPTPAPQST[+80]PR_	GREFS[+80]FEAWNAK[+8]	GREFS(UniMod:21)FEAWNAK(UniMod:259)	_GREFS[+80]FEAWNAK[+8]_
72	TPTH(pT)SR	_TPTHT[+80]SR_	TNATNNMNLS[+80]R[+10]	TNATNNMNLS(UniMod:21)R(UniMod:267)	_TNATNNMNLS[+80]R[+10]_
73	SKG(pT)LR	_SKGT[+80]LR_	ILIASPS[+80]PTHIHK[+8]	ILIASPS(UniMod:21)PTHIHK(UniMod:259)	_ILIASPS[+80]PTHIHK[+8]_
74	H(pT)GQVGTK	_HT[+80]GQVGTK_	SPNVLSVALS[+80]QR[+10]	SPNVLSVALS(UniMod:21)QR(UniMod:267)	_SPNVLSVALS[+80]QR[+10]_
75	SDPSGHL(pT)GMVGTALYVSPEVQGSTK	_SDPSGHLT[+80]GMVGTALYVSPEVQGSTK_	KVS[+80]SAEGAAKEEPK[+8]	KVS(UniMod:21)SAEGAAKEEPK(UniMod:259)	_KVS[+80]SAEGAAKEEPK[+8]_
76	SIAEMGAYVSLLEYNNIEGMILLSEL(pS)R	_SIAEMGAYVSLLEYNNIEGMILLSELS[+80]R_	SSGSPY[+80]GGGYGSGGGSGGYGSR[+10]	SSGSPY(UniMod:21)GGGYGSGGGSGGYGSR(UniMod:267)	_SSGSPY[+80]GGGYGSGGGSGGYGSR[+10]_
77	FLME(Cam)RN(pS)PVTK	_FLMERNS[+80]PVTK_	GPS[+80]WDPFRDWYPHSR[+10]	GPS(UniMod:21)WDPFRDWYPHSR(UniMod:267)	_GPS[+80]WDPFRDWYPHSR[+10]_
78	VVLGDGVQLPPGDYST(pT)PGGTLFST(pT)PGGTR	_VVLGDGVQLPPGDYSTT[+80]PGGTLFSTT[+80]PGGTR_	DIYETDY[+80]YR[+10]K	DIYETDY(UniMod:21)YR(UniMod:267)K	_DIYETDY[+80]YR[+10]K_
79	LIPKV(pT)K	_LIPKVT[+80]K_	VGGASSLENTVDLHIS[+80]NSHPLSLTSDQYK[+8]	VGGASSLENTVDLHIS(UniMod:21)NSHPLSLTSDQYK(UniMod:259)	_VGGASSLENTVDLHIS[+80]NSHPLSLTSDQYK[+8]_
80	HGGYVWLETQG(pT)VIYNPR 	_HGGYVWLETQGT[+80]VIYNPR _	ELDQGSLC[+57]TS[+80]FVGTLQYLAPELLEQQK[+8]	ELDQGSLCTS(UniMod:21)FVGTLQYLAPELLEQQK(UniMod:259)	_ELDQGSLC[+57]TS[+80]FVGTLQYLAPELLEQQK[+8]_
81	LLGPSFESYLLPEL(pT)R	_LLGPSFESYLLPELT[+80]R_	GGHHRPDSSTLHTDDGY[+80]MPMSPGVAPVPSGR[+10]	GGHHRPDSSTLHTDDGY(UniMod:21)MPMSPGVAPVPSGR(UniMod:267)	_GGHHRPDSSTLHTDDGY[+80]MPMSPGVAPVPSGR[+10]_
82	QSPEDV(pY)FSK	_QSPEDVY[+80]FSK_	KGSGDYMPMS[+80]PK[+8]	KGSGDYMPMS(UniMod:21)PK(UniMod:259)	_KGSGDYMPMS[+80]PK[+8]_
83	V(pY)SQITVQK	_VY[+80]SQITVQK_	PVSVAGSPLS[+80]PGPVR[+10]	PVSVAGSPLS(UniMod:21)PGPVR(UniMod:267)	_PVSVAGSPLS[+80]PGPVR[+10]_
84	GTPTAENPE(pY)LGLDVPV	_GTPTAENPEY[+80]LGLDVPV_	SDDY[+80]MPMSPASVSAPK[+8]	SDDY(UniMod:21)MPMSPASVSAPK(UniMod:259)	_SDDY[+80]MPMSPASVSAPK[+8]_
85	LLDIDETE(pY)HADGGK	_LLDIDETEY[+80]HADGGK_	S[+80]PGEYINIDFGEPGAR[+10]	S(UniMod:21)PGEYINIDFGEPGAR(UniMod:267)	_S[+80]PGEYINIDFGEPGAR[+10]_
86	DGGGPGGDYAAMGA(Cam)PASEQG(pY)EEMR	_DGGGPGGDYAAMGAPASEQGY[+80]EEMR_	NSDLLTS[+80]PDVGLLK[+8]	NSDLLTS(UniMod:21)PDVGLLK(UniMod:259)	_NSDLLTS[+80]PDVGLLK[+8]_
87	SLEATDSAFDNPD(pY)WHSR	_SLEATDSAFDNPDY[+80]WHSR_	LAS[+80]PELER[+10]	LAS(UniMod:21)PELER(UniMod:267)	_LAS[+80]PELER[+10]_
88	SEIGHSPPPA(pY)TPMSGNQFVYR	_SEIGHSPPPAY[+80]TPMSGNQFVYR_	GSSSANPVNS[+80]VR[+10]	GSSSANPVNS(UniMod:21)VR(UniMod:267)	_GSSSANPVNS[+80]VR[+10]_
89	I(pY)VLLR	_IY[+80]VLLR_	NQS[+80]LVEENEK[+8]	NQS(UniMod:21)LVEENEK(UniMod:259)	_NQS[+80]LVEENEK[+8]_
90	VSSTH(pY)YLLPERPPYLDK	_VSSTHY[+80]YLLPERPPYLDK_	SDTPEVHPPLPIS[+80]QSPENESNDR[+10]	SDTPEVHPPLPIS(UniMod:21)QSPENESNDR(UniMod:267)	_SDTPEVHPPLPIS[+80]QSPENESNDR[+10]_
91	ESSIIAPAPAEDVD(pT)PPRK	_ESSIIAPAPAEDVDT[+80]PPRK_	ALHSFITPPTT[+80]PQLR[+10]	ALHSFITPPTT(UniMod:21)PQLR(UniMod:267)	_ALHSFITPPTT[+80]PQLR[+10]_
92	NEFISE(pY)CGEIISQDEADR	_NEFISEY[+80]CGEIISQDEADR_	FDLSHGS[+80]PQMVR[+10]	FDLSHGS(UniMod:21)PQMVR(UniMod:267)	_FDLSHGS[+80]PQMVR[+10]_
93	DIHHID(pY)YKK	_DIHHIDY[+80]YKK_	FS[+80]ALEQGIHPPQAQSK[+8]	FS(UniMod:21)ALEQGIHPPQAQSK(UniMod:259)	_FS[+80]ALEQGIHPPQAQSK[+8]_
94	DINNID(pY)YKK	_DINNIDY[+80]YKK_	SNS[+80]FNNPLGNR[+10]	SNS(UniMod:21)FNNPLGNR(UniMod:267)	_SNS[+80]FNNPLGNR[+10]_
95	DLVS(Cam)A(pY)QVAR	_DLVSAY[+80]QVAR_	QITTS[+80]PITVR[+10]	QITTS(UniMod:21)PITVR(UniMod:267)	_QITTS[+80]PITVR[+10]_
96	DVHNLD(pY)YKK	_DVHNLDY[+80]YKK_	C[+57]LAHS[+80]LVGTPNYIAPEVLLR[+10]	CLAHS(UniMod:21)LVGTPNYIAPEVLLR(UniMod:267)	_C[+57]LAHS[+80]LVGTPNYIAPEVLLR[+10]_
97	PAN(Cam)THDL(pY)MIMR	_PANTHDLY[+80]MIMR_	HPEHAFYEFT[+80]FR[+10]	HPEHAFYEFT(UniMod:21)FR(UniMod:267)	_HPEHAFYEFT[+80]FR[+10]_
98	GVHHID(pY)YKK	_GVHHIDY[+80]YKK_	RDS[+80]LQKPGLEAPPR[+10]	RDS(UniMod:21)LQKPGLEAPPR(UniMod:267)	_RDS[+80]LQKPGLEAPPR[+10]_
99	DIMSDSN(pY)VVR	_DIMSDSNY[+80]VVR_	SVL[+7]EDFFTATEGQY[+80]QPQP	SVL[+7]EDFFTATEGQY(UniMod:21)QPQP	_SVL[+7]EDFFTATEGQY[+80]QPQP_
100	AA(pS)MDNNSK	_AAS[+80]MDNNSK_	VIEDNEY[+80]TAR[+10]	VIEDNEY(UniMod:21)TAR(UniMod:267)	_VIEDNEY[+80]TAR[+10]_
101	TS(pS)NASTISGR	_TSS[+80]NASTISGR_	LC[+57]DFGVSGQLIDS[+80]MANSFVGTR[+10]	LCDFGVSGQLIDS(UniMod:21)MANSFVGTR(UniMod:267)	_LC[+57]DFGVSGQLIDS[+80]MANSFVGTR[+10]_
102	SC(pT)WPLPR	_SCT[+80]WPLPR_	LC[+57]DFGVSGQLIDSMANS[+80]FVGTR[+10]	LCDFGVSGQLIDSMANS(UniMod:21)FVGTR(UniMod:267)	_LC[+57]DFGVSGQLIDSMANS[+80]FVGTR[+10]_
103	AV(pS)MDNSNK	_AVS[+80]MDNSNK_	LC[+57]DFGISGQLVDS[+80]IAK[+8]	LCDFGISGQLVDS(UniMod:21)IAK(UniMod:259)	_LC[+57]DFGISGQLVDS[+80]IAK[+8]_
104	AV(pS)MDNSNKYTK	_AVS[+80]MDNSNKYTK_	SLLTGDYIPGTET[+80]HMAPEVVLGR[+10]	SLLTGDYIPGTET(UniMod:21)HMAPEVVLGR(UniMod:267)	_SLLTGDYIPGTET[+80]HMAPEVVLGR[+10]_
105	S(Cam)(pT)WPLQRPELQASPAK	_ST[+80]WPLQRPELQASPAK_	DTLSSGVHS[+80]WSSQAEAR[+10]	DTLSSGVHS(UniMod:21)WSSQAEAR(UniMod:267)	_DTLSSGVHS[+80]WSSQAEAR[+10]_
106	NNHQTELEVPR(pT)PR	_NNHQTELEVPRT[+80]PR_	GS[+80]AAWMAPEVFEGSNYSEK[+8]	GS(UniMod:21)AAWMAPEVFEGSNYSEK(UniMod:259)	_GS[+80]AAWMAPEVFEGSNYSEK[+8]_
107	LPSVGEESTHPLLVAEEQVHT(pY)VNTTGVQEER	_LPSVGEESTHPLLVAEEQVHTY[+80]VNTTGVQEER_	VADPDHDHTGFLTEY[+80]VATR[+10]	VADPDHDHTGFLTEY(UniMod:21)VATR(UniMod:267)	_VADPDHDHTGFLTEY[+80]VATR[+10]_
108	LV(pY)ENINGLSIPSASGVR	_LVY[+80]ENINGLSIPSASGVR_	VADPDHDHTGFLT[+80]EYVATR[+10]	VADPDHDHTGFLT(UniMod:21)EYVATR(UniMod:267)	_VADPDHDHTGFLT[+80]EYVATR[+10]_
109	TPSLNGYHNNLDPMHN(pY)VNTENVTVPASAHK	_TPSLNGYHNNLDPMHNY[+80]VNTENVTVPASAHK_	VADPDHDHTGFLT[+80]EY[+80]VATR[+10]	VADPDHDHTGFLT(UniMod:21)EY(UniMod:21)VATR(UniMod:267)	_VADPDHDHTGFLT[+80]EY[+80]VATR[+10]_
110	QLN(pY)IQVDLEGGSDSDNPQTPK	_QLNY[+80]IQVDLEGGSDSDNPQTPK_	HTDDEMT[+80]GYVATR[+10]	HTDDEMT(UniMod:21)GYVATR(UniMod:267)	_HTDDEMT[+80]GYVATR[+10]_
111	SSD(pS)YAVIDLK	_SSDS[+80]YAVIDLK_	HTDDEMTGY[+80]VATR[+10]	HTDDEMTGY(UniMod:21)VATR(UniMod:267)	_HTDDEMTGY[+80]VATR[+10]_
112	QVE(pY)LDLDLDSGK	_QVEY[+80]LDLDLDSGK_	HTDDEMT[+80]GY[+80]VATR[+10]	HTDDEMT(UniMod:21)GY(UniMod:21)VATR(UniMod:267)	_HTDDEMT[+80]GY[+80]VATR[+10]_
113	VD(pY)VVVDQQK	_VDY[+80]VVVDQQK_	IADPEHDHTGFLTEY[+80]VATR[+10]	IADPEHDHTGFLTEY(UniMod:21)VATR(UniMod:267)	_IADPEHDHTGFLTEY[+80]VATR[+10]_
114	KL(pS)LSEGK	_KLS[+80]LSEGK_	IADPEHDHTGFLT[+80]EYVATR[+10]	IADPEHDHTGFLT(UniMod:21)EYVATR(UniMod:267)	_IADPEHDHTGFLT[+80]EYVATR[+10]_
115	N(pY)VTPVNR	_NY[+80]VTPVNR_	IADPEHDHTGFLT[+80]EY[+80]VATR[+10]	IADPEHDHTGFLT(UniMod:21)EY(UniMod:21)VATR(UniMod:267)	_IADPEHDHTGFLT[+80]EY[+80]VATR[+10]_
116	TS(pS)FAEPGGGGGGGGGGPGGSASGPGGTGGGK	_TSS[+80]FAEPGGGGGGGGGGPGGSASGPGGTGGGK_	TAGTSFMMTPY[+80]VVTR[+10]	TAGTSFMMTPY(UniMod:21)VVTR(UniMod:267)	_TAGTSFMMTPY[+80]VVTR[+10]_
117	TT(pS)FAES(Cam)KPVQQPSAFGSMK	_TTS[+80]FAESKPVQQPSAFGSMK_	TAGTSFMMT[+80]PYVVTR[+10]	TAGTSFMMT(UniMod:21)PYVVTR(UniMod:267)	_TAGTSFMMT[+80]PYVVTR[+10]_
118	GEPNVS(pY)I(Cam)SR	_GEPNVSY[+80]ISR_	TAC[+57]TNFMMTPY[+80]VVTR[+10]	TACTNFMMTPY(UniMod:21)VVTR(UniMod:267)	_TAC[+57]TNFMMTPY[+80]VVTR[+10]_
119	GREF(pS)FEAWNAK	_GREFS[+80]FEAWNAK_	KPLTS[+80]SSAAPQRPISTQR[+10]	KPLTS(UniMod:21)SSAAPQRPISTQR(UniMod:267)	_KPLTS[+80]SSAAPQRPISTQR[+10]_
120	KATQA(pS)QEY	_KATQAS[+80]QEY_	GEPAAAAAPEAGAS[+80]PVEK[+8]	GEPAAAAAPEAGAS(UniMod:21)PVEK(UniMod:259)	_GEPAAAAAPEAGAS[+80]PVEK[+8]_
121	NRPEERPTFEYIQSVLDDFYTATESQ(pY)QQQP	_NRPEERPTFEYIQSVLDDFYTATESQY[+80]QQQP_	S[+80]FKLSGFSFK[+8]	S(UniMod:21)FKLSGFSFK(UniMod:259)	_S[+80]FKLSGFSFK[+8]_
122	ASGYQ(pS)SQK	_ASGYQS[+80]SQK_	KHS[+80]LDLPHSELK[+8]K	KHS(UniMod:21)LDLPHSELK(UniMod:259)K	_KHS[+80]LDLPHSELK[+8]K_
123	TNATNNMNL(pS)R	_TNATNNMNLS[+80]R_	EIGGGEAGAVIGGSAGAS[+80]PPSTLTPDSR[+10]	EIGGGEAGAVIGGSAGAS(UniMod:21)PPSTLTPDSR(UniMod:267)	_EIGGGEAGAVIGGSAGAS[+80]PPSTLTPDSR[+10]_
124	ST(pY)TSYPK	_STY[+80]TSYPK_	VARPPPIGAEVPDVTAT[+80]PAR[+10]	VARPPPIGAEVPDVTAT(UniMod:21)PAR(UniMod:267)	_VARPPPIGAEVPDVTAT[+80]PAR[+10]_
125	ILIASP(pS)PTHIHK	_ILIASPS[+80]PTHIHK_	AIS[+80]ETEENSDELSGER[+10]	AIS(UniMod:21)ETEENSDELSGER(UniMod:267)	_AIS[+80]ETEENSDELSGER[+10]_
126	SPNVLSVAL(pS)QR	_SPNVLSVALS[+80]QR_	R[+10]SS[+80]MSMEETEHTC[+57]	R(UniMod:267)SS(UniMod:21)MSMEETEHTC	_R[+10]SS[+80]MSMEETEHTC[+57]_
127	KV(pS)SAEGAAKEEPK	_KVS[+80]SAEGAAKEEPK_	HAEAT[+80]LGSGNLR[+10]	HAEAT(UniMod:21)LGSGNLR(UniMod:267)	_HAEAT[+80]LGSGNLR[+10]_
128	SSGSP(pY)GGGYGSGGGSGGYGSR	_SSGSPY[+80]GGGYGSGGGSGGYGSR_	KLHVST[+80]INLQK[+8]	KLHVST(UniMod:21)INLQK(UniMod:259)	_KLHVST[+80]INLQK[+8]_
129	ADG(pY)NQPDSK	_ADGY[+80]NQPDSK_	LHVS[+80]TINLQK[+8]	LHVS(UniMod:21)TINLQK(UniMod:259)	_LHVS[+80]TINLQK[+8]_
130	GP(pS)WDPFRDWYPHSR	_GPS[+80]WDPFRDWYPHSR_	TRTDSYS[+80]AGQSVEILDGVELGEPAHK[+8]	TRTDSYS(UniMod:21)AGQSVEILDGVELGEPAHK(UniMod:259)	_TRTDSYS[+80]AGQSVEILDGVELGEPAHK[+8]_
131	DI(pY)ETD(pY)RK	_DIY[+80]ETDY[+80]RK_	TDS[+80]YSAGQSVEILDGVELGEPAHK[+8]	TDS(UniMod:21)YSAGQSVEILDGVELGEPAHK(UniMod:259)	_TDS[+80]YSAGQSVEILDGVELGEPAHK[+8]_
132	LGNGVLYASVNPE(pY)FSAADVYVPDEWEVAR	_LGNGVLYASVNPEY[+80]FSAADVYVPDEWEVAR_	TGTTVPESIHS[+80]FIGDGLVKPEALNK[+8]	TGTTVPESIHS(UniMod:21)FIGDGLVKPEALNK(UniMod:259)	_TGTTVPESIHS[+80]FIGDGLVKPEALNK[+8]_
133	ELDQGSLCT(pS)FVGTLQYLAPELLEQQK	_ELDQGSLCTS[+80]FVGTLQYLAPELLEQQK_	TGTTVPESIHS[+80]FIGDGLVKPEALNKK[+8]	TGTTVPESIHS(UniMod:21)FIGDGLVKPEALNKK(UniMod:259)	_TGTTVPESIHS[+80]FIGDGLVKPEALNKK[+8]_
134	DIYETD(pY)YRK	_DIYETDY[+80]YRK_	FELLPTPPLS[+80]PSR[+10]	FELLPTPPLS(UniMod:21)PSR(UniMod:267)	_FELLPTPPLS[+80]PSR[+10]_
135	VGGASSLENTVDLHI(pS)NSHPLSLTSDQYK	_VGGASSLENTVDLHIS[+80]NSHPLSLTSDQYK_	VNS[+80]GDTEVGSSLLR[+10]	VNS(UniMod:21)GDTEVGSSLLR(UniMod:267)	_VNS[+80]GDTEVGSSLLR[+10]_
136	TESITAT(pS)PASMVGGKPGSFR	_TESITATS[+80]PASMVGGKPGSFR_	R[+10]LS[+80]MEIEK	R(UniMod:267)LS(UniMod:21)MEIEK	_R[+10]LS[+80]MEIEK_
137	KGSGDYMPM(pS)PK	_KGSGDYMPMS[+80]PK_	TTSQAHSLPLS[+80]PASTR[+10]	TTSQAHSLPLS(UniMod:21)PASTR(UniMod:267)	_TTSQAHSLPLS[+80]PASTR[+10]_
138	LST(pS)SGR	_LSTS[+80]SGR_	DSDSVC[+57]DSGVETS[+80]FR[+10]	DSDSVCDSGVETS(UniMod:21)FR(UniMod:267)	_DSDSVC[+57]DSGVETS[+80]FR[+10]_
139	GGHHRPDSSTLHTDDG(pY)MPMSPGVAPVPSGR	_GGHHRPDSSTLHTDDGY[+80]MPMSPGVAPVPSGR_	HDS[+80]GLDSMK[+8]	HDS(UniMod:21)GLDSMK(UniMod:259)	_HDS[+80]GLDSMK[+8]_
140	PVSVAGSPL(pS)PGPVR	_PVSVAGSPLS[+80]PGPVR_	HDSGLDS[+80]MK[+8]	HDSGLDS(UniMod:21)MK(UniMod:259)	_HDSGLDS[+80]MK[+8]_
141	(pS)PGEYINIDFGEPGAR	_S[+80]PGEYINIDFGEPGAR_	ATVTPS[+80]PVK[+8]	ATVTPS(UniMod:21)PVK(UniMod:259)	_ATVTPS[+80]PVK[+8]_
142	SDD(pY)MPMSPASVSAPK	_SDDY[+80]MPMSPASVSAPK_	S[+80]VYTRSVIEPLPVTPTR[+10]	S(UniMod:21)VYTRSVIEPLPVTPTR(UniMod:267)	_S[+80]VYTRSVIEPLPVTPTR[+10]_
143	E(pY)YTVK 	_EY[+80]YTVK _	IAS[+80]DEEIQGTK[+8]	IAS(UniMod:21)DEEIQGTK(UniMod:259)	_IAS[+80]DEEIQGTK[+8]_
144	(pY)DPLQDNTGEVVAVK 	_Y[+80]DPLQDNTGEVVAVK _	TYS[+80]QDC[+57]SFK[+8]	TYS(UniMod:21)QDCSFK(UniMod:259)	_TYS[+80]QDC[+57]SFK[+8]_
145	NSDLLT(pS)PDVGLLK	_NSDLLTS[+80]PDVGLLK_	ANS[+80]FVGTAQYVSPELLTEK[+8]	ANS(UniMod:21)FVGTAQYVSPELLTEK(UniMod:259)	_ANS[+80]FVGTAQYVSPELLTEK[+8]_
146	LA(pS)PELER	_LAS[+80]PELER_	LTRIPS[+80]AK[+8]	LTRIPS(UniMod:21)AK(UniMod:259)	_LTRIPS[+80]AK[+8]_
147	GSSSANPVN(pS)VR	_GSSSANPVNS[+80]VR_	AQS[+80]YDIQAWKK[+8]	AQS(UniMod:21)YDIQAWKK(UniMod:259)	_AQS[+80]YDIQAWKK[+8]_
148	NQ(pS)LVEENEK	_NQS[+80]LVEENEK_	HNS[+80]ISEAK[+8]	HNS(UniMod:21)ISEAK(UniMod:259)	_HNS[+80]ISEAK[+8]_
149	QEDHAEAAL(pY)K	_QEDHAEAALY[+80]K_	NPGFY[+80]VEANPMPTFK[+8]	NPGFY(UniMod:21)VEANPMPTFK(UniMod:259)	_NPGFY[+80]VEANPMPTFK[+8]_
150	ESSCSDSTNE(pY)MDMKPGVSYVVPTK	_ESSCSDSTNEY[+80]MDMKPGVSYVVPTK_	MY[+80]VDPSEINPSMPQR[+10]	MY(UniMod:21)VDPSEINPSMPQR(UniMod:267)	_MY[+80]VDPSEINPSMPQR[+10]_
151	SDTPEVHPPLPI(pS)QSPENESNDR	_SDTPEVHPPLPIS[+80]QSPENESNDR_	KT[+80]LC[+57]GTPNYIAPEVLSK[+8]	KT(UniMod:21)LCGTPNYIAPEVLSK(UniMod:259)	_KT[+80]LC[+57]GTPNYIAPEVLSK[+8]_
152	SALTIQLIQNHFVDE(pY)DPTIEDSYR	_SALTIQLIQNHFVDEY[+80]DPTIEDSYR_	SHS[+80]SSQFR[+10]	SHS(UniMod:21)SSQFR(UniMod:267)	_SHS[+80]SSQFR[+10]_
153	FDLSHG(pS)PQMVR	_FDLSHGS[+80]PQMVR_	TWT[+80]LC[+57]GTPEYLAPEIILSK[+8]	TWT(UniMod:21)LCGTPEYLAPEIILSK(UniMod:259)	_TWT[+80]LC[+57]GTPEYLAPEIILSK[+8]_
154	ALHSFITPPT(pT)PQLR	_ALHSFITPPTT[+80]PQLR_	QPVELT[+80]PTDK[+8]	QPVELT(UniMod:21)PTDK(UniMod:259)	_QPVELT[+80]PTDK[+8]_
155	F(pS)ALEQGIHPPQAQSK	_FS[+80]ALEQGIHPPQAQSK_	NIDQSEFEGFS[+80]FVNSEFLKPEVK[+8]	NIDQSEFEGFS(UniMod:21)FVNSEFLKPEVK(UniMod:259)	_NIDQSEFEGFS[+80]FVNSEFLKPEVK[+8]_
156	SN(pS)FNNPLGNR	_SNS[+80]FNNPLGNR_	HPPVLT[+80]PPDQEVIR[+10]	HPPVLT(UniMod:21)PPDQEVIR(UniMod:267)	_HPPVLT[+80]PPDQEVIR[+10]_
157	QITT(pS)PITVR	_QITTS[+80]PITVR_	AST[+80]FC[+57]GTPDYIAPEILQGLK[+8]	AST(UniMod:21)FCGTPDYIAPEILQGLK(UniMod:259)	_AST[+80]FC[+57]GTPDYIAPEILQGLK[+8]_
158	(Cam)LAH(pS)LVGTPNYIAPEVLLR	_LAHS[+80]LVGTPNYIAPEVLLR_	TNT[+80]FC[+57]GTPDYIAPEILLGQK[+8]	TNT(UniMod:21)FCGTPDYIAPEILLGQK(UniMod:259)	_TNT[+80]FC[+57]GTPDYIAPEILLGQK[+8]_
159	HPEHAFYEF(pT)FR	_HPEHAFYEFT[+80]FR_	EGLGPGDTTSTFC[+57]GT[+80]PNYIAPEILR[+10]	EGLGPGDTTSTFCGT(UniMod:21)PNYIAPEILR(UniMod:267)	_EGLGPGDTTSTFC[+57]GT[+80]PNYIAPEILR[+10]_
160	RD(pS)LQKPGLEAPPR	_RDS[+80]LQKPGLEAPPR_	LGTSES[+80]LPC[+57]TAEELSR[+10]	LGTSES(UniMod:21)LPCTAEELSR(UniMod:267)	_LGTSES[+80]LPC[+57]TAEELSR[+10]_
161	SVLEDFFTATEGQ(pY)QPQP	_SVLEDFFTATEGQY[+80]QPQP_	STVLTPMFVET[+80]QASQGTLQTR[+10]	STVLTPMFVET(UniMod:21)QASQGTLQTR(UniMod:267)	_STVLTPMFVET[+80]QASQGTLQTR[+10]_
162	VIEDNE(pY)TAR	_VIEDNEY[+80]TAR_	THAVSVSETDDY[+80]AEIIDEEDTYTMPSTR[+10]	THAVSVSETDDY(UniMod:21)AEIIDEEDTYTMPSTR(UniMod:267)	_THAVSVSETDDY[+80]AEIIDEEDTYTMPSTR[+10]_
163	L(Cam)DFGVSGQLID(pS)MANSFVGTR	_LDFGVSGQLIDS[+80]MANSFVGTR_	GHEY[+80]TNIK[+8]	GHEY(UniMod:21)TNIK(UniMod:259)	_GHEY[+80]TNIK[+8]_
164	L(Cam)DFGVSGQLIDSMAN(pS)FVGTR	_LDFGVSGQLIDSMANS[+80]FVGTR_	VY[+80]ENVGLMQQQK[+8]	VY(UniMod:21)ENVGLMQQQK(UniMod:259)	_VY[+80]ENVGLMQQQK[+8]_
165	TPGRPL(pS)SYGMDSRPPMAIFELLDYIVNEPPPK	_TPGRPLS[+80]SYGMDSRPPMAIFELLDYIVNEPPPK_	AS[+80]DDGKLTDPSK[+8]	AS(UniMod:21)DDGKLTDPSK(UniMod:259)	_AS[+80]DDGKLTDPSK[+8]_
166	RSDAEEVDFAGWL(Cam)STIGLNQPS(pT)PTHAAGV	_RSDAEEVDFAGWLSTIGLNQPST[+80]PTHAAGV_	STS[+80]TPNVHMVSTTLPVDSR[+10]	STS(UniMod:21)TPNVHMVSTTLPVDSR(UniMod:267)	_STS[+80]TPNVHMVSTTLPVDSR[+10]_
167	L(Cam)DFGISGQLVD(pS)IAK	_LDFGISGQLVDS[+80]IAK_	SHSESASPSALSSSPNNLS[+80]PTGWSQPK[+8]	SHSESASPSALSSSPNNLS(UniMod:21)PTGWSQPK(UniMod:259)	_SHSESASPSALSSSPNNLS[+80]PTGWSQPK[+8]_
168	DTLSSGVH(pS)WSSQAEAR 	_DTLSSGVHS[+80]WSSQAEAR _	SHSESAS[+80]PSALSSSPNNLS[+80]PTGWSQPK[+8]	SHSESAS(UniMod:21)PSALSSSPNNLS(UniMod:21)PTGWSQPK(UniMod:259)	_SHSESAS[+80]PSALSSSPNNLS[+80]PTGWSQPK[+8]_
169	SLLTGDYIPG(pT)ETHMAPEVVLGR	_SLLTGDYIPGT[+80]ETHMAPEVVLGR_	GQRDS[+80]SYYWEIEASEVMLSTR[+10]	GQRDS(UniMod:21)SYYWEIEASEVMLSTR(UniMod:267)	_GQRDS[+80]SYYWEIEASEVMLSTR[+10]_
170	G(pS)AAWMAPEVFEGSNYSEK	_GS[+80]AAWMAPEVFEGSNYSEK_	IGSGS[+80]FGTVYK[+8]	IGSGS(UniMod:21)FGTVYK(UniMod:259)	_IGSGS[+80]FGTVYK[+8]_
171	VADPDHDHTGFL(pT)EYVATR	_VADPDHDHTGFLT[+80]EYVATR_	S[+80]NNIFLHEGLTVK[+8]	S(UniMod:21)NNIFLHEGLTVK(UniMod:259)	_S[+80]NNIFLHEGLTVK[+8]_
172	VADPDHDHTGFL(pT)E(pY)VATR	_VADPDHDHTGFLT[+80]EY[+80]VATR_	SRWSGS[+80]QQVEQPTGSVLWMAPEVIR[+10]	SRWSGS(UniMod:21)QQVEQPTGSVLWMAPEVIR(UniMod:267)	_SRWSGS[+80]QQVEQPTGSVLWMAPEVIR[+10]_
173	VADPDHDHTGFLTE(pY)VATR	_VADPDHDHTGFLTEY[+80]VATR_	SAS[+80]EPSLHR[+10]	SAS(UniMod:21)EPSLHR(UniMod:267)	_SAS[+80]EPSLHR[+10]_
174	HTDDEM(pT)GYVATR	_HTDDEMT[+80]GYVATR_	TAVIPINGS[+80]PR[+10]	TAVIPINGS(UniMod:21)PR(UniMod:267)	_TAVIPINGS[+80]PR[+10]_
175	HTDDEM(pT)G(pY)VATR	_HTDDEMT[+80]GY[+80]VATR_	TNILQYASTRPPTLS[+80]PIPHIPR[+10]	TNILQYASTRPPTLS(UniMod:21)PIPHIPR(UniMod:267)	_TNILQYASTRPPTLS[+80]PIPHIPR[+10]_
176	HTDDEMTG(pY)VATR	_HTDDEMTGY[+80]VATR_	IPGGNIYIS[+80]PLK[+8]	IPGGNIYIS(UniMod:21)PLK(UniMod:259)	_IPGGNIYIS[+80]PLK[+8]_
177	IADPEHDHTGFL(pT)EYVATR	_IADPEHDHTGFLT[+80]EYVATR_	IGLPHS[+80]IK[+8]	IGLPHS(UniMod:21)IK(UniMod:259)	_IGLPHS[+80]IK[+8]_
178	IADPEHDHTGFL(pT)E(pY)VATR	_IADPEHDHTGFLT[+80]EY[+80]VATR_	SFS[+80]SPENFQR[+10]	SFS(UniMod:21)SPENFQR(UniMod:267)	_SFS[+80]SPENFQR[+10]_
179	IADPEHDHTGFLTE(pY)VATR	_IADPEHDHTGFLTEY[+80]VATR_	TYETFKS[+80]IMK[+8]K	TYETFKS(UniMod:21)IMK(UniMod:259)K	_TYETFKS[+80]IMK[+8]K_
180	TAGTSFMM(pT)PYVVTR	_TAGTSFMMT[+80]PYVVTR_	T[+5]LT[+80]EPSVDFNHSDDFTPISTVQK[+8]	T[+5]LT(UniMod:21)EPSVDFNHSDDFTPISTVQK(UniMod:259)	_T[+5]LT[+80]EPSVDFNHSDDFTPISTVQK[+8]_
181	TAGTSFMM(pT)P(pY)VVTR	_TAGTSFMMT[+80]PY[+80]VVTR_	AQS[+80]LKAPSIATIK[+8]	AQS(UniMod:21)LKAPSIATIK(UniMod:259)	_AQS[+80]LKAPSIATIK[+8]_
182	TAGTSFMMTP(pY)VVTR	_TAGTSFMMTPY[+80]VVTR_	IADLGLAS[+80]FK[+8]	IADLGLAS(UniMod:21)FK(UniMod:259)	_IADLGLAS[+80]FK[+8]_
183	TA(Cam)TNFMM(pT)P(pY)VVTR	_TATNFMMT[+80]PY[+80]VVTR_	MQS[+80]LQLDC[+57]VAVPSSR[+10]	MQS(UniMod:21)LQLDCVAVPSSR(UniMod:267)	_MQS[+80]LQLDC[+57]VAVPSSR[+10]_
184	TA(Cam)TNFMMTP(pY)VVTR	_TATNFMMTPY[+80]VVTR_	LTEGC[+57]S[+80]FR[+10]	LTEGCS(UniMod:21)FR(UniMod:267)	_LTEGC[+57]S[+80]FR[+10]_
185	KPLT(pS)SSAAPQRPISTQR	_KPLTS[+80]SSAAPQRPISTQR_	RRLS[+80]SLR[+10]	RRLS(UniMod:21)SLR(UniMod:267)	_RRLS[+80]SLR[+10]_
186	GEPAAAAAPEAGA(pS)PVEK	_GEPAAAAAPEAGAS[+80]PVEK_	LSSLRAS[+80]TSK[+8]	LSSLRAS(UniMod:21)TSK(UniMod:259)	_LSSLRAS[+80]TSK[+8]_
187	(pS)FKLSGFSFK	_S[+80]FKLSGFSFK_	LS[+80]SLRASTSK[+8]	LS(UniMod:21)SLRASTSK(UniMod:259)	_LS[+80]SLRASTSK[+8]_
188	AVFQDQFSE(pY)K	_AVFQDQFSEY[+80]K_	LSS[+80]LRASTSK[+8]	LSS(UniMod:21)LRASTSK(UniMod:259)	_LSS[+80]LRASTSK[+8]_
189	KH(pS)LDLPHSELKK	_KHS[+80]LDLPHSELKK_	TPKDS[+80]PGIPPSAGAHQLFR[+10]	TPKDS(UniMod:21)PGIPPSAGAHQLFR(UniMod:267)	_TPKDS[+80]PGIPPSAGAHQLFR[+10]_
190	EIGGGEAGAVIGGSAGA(pS)PPSTLTPDSR	_EIGGGEAGAVIGGSAGAS[+80]PPSTLTPDSR_	T[+80]PKDS[+80]PGIPPSAGAHQLFR[+10]	T(UniMod:21)PKDS(UniMod:21)PGIPPSAGAHQLFR(UniMod:267)	_T[+80]PKDS[+80]PGIPPSAGAHQLFR[+10]_
191	VARPPPIGAEVPDVTA(pT)PAR	_VARPPPIGAEVPDVTAT[+80]PAR_	GFS[+80]FVATGLMEDDGKPR[+10]	GFS(UniMod:21)FVATGLMEDDGKPR(UniMod:267)	_GFS[+80]FVATGLMEDDGKPR[+10]_
192	AI(pS)ETEENSDELSGER	_AIS[+80]ETEENSDELSGER_	AENGLLMT[+80]PC[+57]YTANFVAPEVLKR[+10]	AENGLLMT(UniMod:21)PCYTANFVAPEVLKR(UniMod:267)	_AENGLLMT[+80]PC[+57]YTANFVAPEVLKR[+10]_
193	E(pY)YSVHNK	_EY[+80]YSVHNK_	TPTDS[+80]PGVPPSANAHHLFR[+10]	TPTDS(UniMod:21)PGVPPSANAHHLFR(UniMod:267)	_TPTDS[+80]PGVPPSANAHHLFR[+10]_
194	RS(pS)MSMEETEHTC	_RSS[+80]MSMEETEHTC_	TPKDS[+80]PGIPPSANAHQLFR[+10]	TPKDS(UniMod:21)PGIPPSANAHQLFR(UniMod:267)	_TPKDS[+80]PGIPPSANAHQLFR[+10]_
195	AFKE(pS)PK	_AFKES[+80]PK_	ESIHDGTVTHT[+80]FC[+57]GTIEYMAPEILMR[+10]	ESIHDGTVTHT(UniMod:21)FCGTIEYMAPEILMR(UniMod:267)	_ESIHDGTVTHT[+80]FC[+57]GTIEYMAPEILMR[+10]_
196	HAEA(pT)LGSGNLR	_HAEAT[+80]LGSGNLR_	LAEETEGPS[+80]DGESAAEK[+8]	LAEETEGPS(UniMod:21)DGESAAEK(UniMod:259)	_LAEETEGPS[+80]DGESAAEK[+8]_
197	SESVV(pY)ADIR	_SESVVY[+80]ADIR_	ELFDDPSY[+80]VNVQNLDK[+8]	ELFDDPSY(UniMod:21)VNVQNLDK(UniMod:259)	_ELFDDPSY[+80]VNVQNLDK[+8]_
198	KLHV(pS)TINLQK	_KLHVS[+80]TINLQK_	EES[+80]AEELQAAEHPDEVEDPK[+8]	EES(UniMod:21)AEELQAAEHPDEVEDPK(UniMod:259)	_EES[+80]AEELQAAEHPDEVEDPK[+8]_
199	LHV(pS)TINLQK	_LHVS[+80]TINLQK_	EVDYS[+80]DSLTEKQWLK[+8]	EVDYS(UniMod:21)DSLTEKQWLK(UniMod:259)	_EVDYS[+80]DSLTEKQWLK[+8]_
200	TD(pS)YSAGQSVEILDGVELGEPAHK	_TDS[+80]YSAGQSVEILDGVELGEPAHK_	SSLAMNRS[+80]R[+10]	SSLAMNRS(UniMod:21)R(UniMod:267)	_SSLAMNRS[+80]R[+10]_
201	TRTD(pS)YSAGQSVEILDGVELGEPAHK	_TRTDS[+80]YSAGQSVEILDGVELGEPAHK_	S[+80]ASVSSISLTK[+8]	S(UniMod:21)ASVSSISLTK(UniMod:259)	_S[+80]ASVSSISLTK[+8]_
202	TGTTVPESIH(pS)FIGDGLVKPEALNK	_TGTTVPESIHS[+80]FIGDGLVKPEALNK_	HLDS[+80]PPAIPPR[+10]	HLDS(UniMod:21)PPAIPPR(UniMod:267)	_HLDS[+80]PPAIPPR[+10]_
203	TGTTVPESIH(pS)FIGDGLVKPEALNKK	_TGTTVPESIHS[+80]FIGDGLVKPEALNKK_	GSNEY[+80]TEGPSVVK[+8]	GSNEY(UniMod:21)TEGPSVVK(UniMod:259)	_GSNEY[+80]TEGPSVVK[+8]_
204	FELLPTPPL(pS)PSR	_FELLPTPPLS[+80]PSR_	SELKPGELKPLS[+80]K[+8]	SELKPGELKPLS(UniMod:21)K(UniMod:259)	_SELKPGELKPLS[+80]K[+8]_
205	VN(pS)GDTEVGSSLLR	_VNS[+80]GDTEVGSSLLR_	TSHVENDY[+80]IDNPSLALTTGPK[+8]	TSHVENDY(UniMod:21)IDNPSLALTTGPK(UniMod:259)	_TSHVENDY[+80]IDNPSLALTTGPK[+8]_
206	SH(pT)SEGTR	_SHT[+80]SEGTR_	LIEDNEY[+80]TAR[+10]	LIEDNEY(UniMod:21)TAR(UniMod:267)	_LIEDNEY[+80]TAR[+10]_
207	RL(pS)MEIEK	_RLS[+80]MEIEK_	YC[+57]RPESQEHPEADPGSAAPY[+80]LK[+8]	YCRPESQEHPEADPGSAAPY(UniMod:21)LK(UniMod:259)	_YC[+57]RPESQEHPEADPGSAAPY[+80]LK[+8]_
208	DSDSV(Cam)DSGVET(pS)FR	_DSDSVDSGVETS[+80]FR_	AVDGY[+80]VKPQIK[+8]	AVDGY(UniMod:21)VKPQIK(UniMod:259)	_AVDGY[+80]VKPQIK[+8]_
209	TTSQAHSLPL(pS)PASTR	_TTSQAHSLPLS[+80]PASTR_	NAT[+80]SPQVQRPSFMDYFDK[+8]	NAT(UniMod:21)SPQVQRPSFMDYFDK(UniMod:259)	_NAT[+80]SPQVQRPSFMDYFDK[+8]_
210	HD(pS)GLDSMK	_HDS[+80]GLDSMK_	T[+80]FVGTPC[+57]WMAPEVMEQVR[+10]	T(UniMod:21)FVGTPCWMAPEVMEQVR(UniMod:267)	_T[+80]FVGTPC[+57]WMAPEVMEQVR[+10]_
211	HDSGLD(pS)MK	_HDSGLDS[+80]MK_	DET[+80]MQPAKPSFLEYFEQK[+8]	DET(UniMod:21)MQPAKPSFLEYFEQK(UniMod:259)	_DET[+80]MQPAKPSFLEYFEQK[+8]_
212	DEE(pY)EQMVK	_DEEY[+80]EQMVK_	IPQDGDY[+80]EFLK[+8]	IPQDGDY(UniMod:21)EFLK(UniMod:259)	_IPQDGDY[+80]EFLK[+8]_
213	DIYSTD(pY)YR	_DIYSTDY[+80]YR_	ASGQAFELILS[+80]PR[+10]	ASGQAFELILS(UniMod:21)PR(UniMod:267)	_ASGQAFELILS[+80]PR[+10]_
214	DVYSTD(pY)YR	_DVYSTDY[+80]YR_	DS[+80]LESDSSTAIIPHELIR[+10]	DS(UniMod:21)LESDSSTAIIPHELIR(UniMod:267)	_DS[+80]LESDSSTAIIPHELIR[+10]_
215	ATVTP(pS)PVK	_ATVTPS[+80]PVK_	QESTVSFNPY[+80]EPELAPWAADK[+8]	QESTVSFNPY(UniMod:21)EPELAPWAADK(UniMod:259)	_QESTVSFNPY[+80]EPELAPWAADK[+8]_
216	HTLQQHQE(pT)PK	_HTLQQHQET[+80]PK_	SLS[+80]LPGR[+10]	SLS(UniMod:21)LPGR(UniMod:267)	_SLS[+80]LPGR[+10]_
217	(pS)VYTRSVIEPLPVTPTR	_S[+80]VYTRSVIEPLPVTPTR_	SHS[+80]SPASLQLGTGAGAAGSPAQQHAHLR[+10]	SHS(UniMod:21)SPASLQLGTGAGAAGSPAQQHAHLR(UniMod:267)	_SHS[+80]SPASLQLGTGAGAAGSPAQQHAHLR[+10]_
218	IA(pS)DEEIQGTK	_IAS[+80]DEEIQGTK_	MEEPQSDPSVEPPLS[+80]QETFSDLWK[+8]	MEEPQSDPSVEPPLS(UniMod:21)QETFSDLWK(UniMod:259)	_MEEPQSDPSVEPPLS[+80]QETFSDLWK[+8]_
219	TY(pS)QD(Cam)SFK	_TYS[+80]QDSFK_	LMFKTEGP[+6]DS[+80]D	LMFKTEGPDS(UniMod:21)D	_LMFKTEGP[+6]DS[+80]D_
220	LSADSG(pY)IIPLPDIDPVPEEEDLGK	_LSADSGY[+80]IIPLPDIDPVPEEEDLGK_	QYTES[+80]QLR[+10]	QYTES(UniMod:21)QLR(UniMod:267)	_QYTES[+80]QLR[+10]_
221	SPLDTSSVLYTAVQPNEGDND(pY)IIPLPDPK	_SPLDTSSVLYTAVQPNEGDNDY[+80]IIPLPDPK_	S[+80]VDFHFR[+10]	S(UniMod:21)VDFHFR(UniMod:267)	_S[+80]VDFHFR[+10]_
222	DESVD(pY)VPMLDMK	_DESVDY[+80]VPMLDMK_	GYT[+80]ISDSAPSR[+10]	GYT(UniMod:21)ISDSAPSR(UniMod:267)	_GYT[+80]ISDSAPSR[+10]_
223	AN(pS)FVGTAQYVSPELLTEK	_ANS[+80]FVGTAQYVSPELLTEK_	GAS[+80]TVSSSSSTK[+8]	GAS(UniMod:21)TVSSSSSTK(UniMod:259)	_GAS[+80]TVSSSSSTK[+8]_
224	LTRIP(pS)AK	_LTRIPS[+80]AK_	QIS[+80]FKAEVNSSGK[+8]	QIS(UniMod:21)FKAEVNSSGK(UniMod:259)	_QIS[+80]FKAEVNSSGK[+8]_
225	FSGW(pY)DADLSPAGHEEAK	_FSGWY[+80]DADLSPAGHEEAK_	AGGTSSPSPVVFTVGS[+80]PPSGSTPPQGPR[+10]	AGGTSSPSPVVFTVGS(UniMod:21)PPSGSTPPQGPR(UniMod:267)	_AGGTSSPSPVVFTVGS[+80]PPSGSTPPQGPR[+10]_
226	AQ(pS)YDIQAWKK	_AQS[+80]YDIQAWKK_	S[+80]LAFHTMLTK[+8]	S(UniMod:21)LAFHTMLTK(UniMod:259)	_S[+80]LAFHTMLTK[+8]_
227	L(pY)EEYTR	_LY[+80]EEYTR_	SLYASS[+80]PGGVYATR[+10]	SLYASS(UniMod:21)PGGVYATR(UniMod:267)	_SLYASS[+80]PGGVYATR[+10]_
228	DQ(pY)LMWLTQK	_DQY[+80]LMWLTQK_	S[+80]LEVLVADLVNAQK[+8]	S(UniMod:21)LEVLVADLVNAQK(UniMod:259)	_S[+80]LEVLVADLVNAQK[+8]_
229	TATG(pY)GFAEPYNLYSSLK	_TATGY[+80]GFAEPYNLYSSLK_	QAS[+80]TDAGTAGALTPQHVR[+10]	QAS(UniMod:21)TDAGTAGALTPQHVR(UniMod:267)	_QAS[+80]TDAGTAGALTPQHVR[+10]_
230	HN(pS)ISEAK	_HNS[+80]ISEAK_	AHS[+80]SPASLQLGAVSPGTLTPTGVVSGPAATPTAQHLR[+10]	AHS(UniMod:21)SPASLQLGAVSPGTLTPTGVVSGPAATPTAQHLR(UniMod:267)	_AHS[+80]SPASLQLGAVSPGTLTPTGVVSGPAATPTAQHLR[+10]_
231	NPGF(pY)VEANPMPTFK	_NPGFY[+80]VEANPMPTFK_	SGSSASESYAGS[+80]EK[+8]	SGSSASESYAGS(UniMod:21)EK(UniMod:259)	_SGSSASESYAGS[+80]EK[+8]_
232	M(pY)VDPSEINPSMPQR	_MY[+80]VDPSEINPSMPQR_	ALGADDSYY[+80]TAR[+10]	ALGADDSYY(UniMod:21)TAR(UniMod:267)	_ALGADDSYY[+80]TAR[+10]_
233	R(pS)LLELHK	_RS[+80]LLELHK_			_nan_
234	K(pT)L(Cam)GTPNYIAPEVLSK	_KT[+80]LGTPNYIAPEVLSK_			_nan_
235	SH(pS)SSQFR	_SHS[+80]SSQFR_			_nan_
236	D(pS)YSECNSNR	_DS[+80]YSECNSNR_			_nan_
237	IADFGLSNMMSDGEFLR(pT)S(Cam)GSPNYAAPEVISGR	_IADFGLSNMMSDGEFLRT[+80]SGSPNYAAPEVISGR_			_nan_
238	TW(pT)L(Cam)GTPEYLAPEIILSK	_TWT[+80]LGTPEYLAPEIILSK_			_nan_
239	(pT)F(Cam)GTPDYIAPEIIAYQPYGK	_T[+80]FGTPDYIAPEIIAYQPYGK_			_nan_
240	NIDQSEFEGF(pS)FVNSEFLKPEVK	_NIDQSEFEGFS[+80]FVNSEFLKPEVK_			_nan_
241	HPPVL(pT)PPDQEVIR	_HPPVLT[+80]PPDQEVIR_			_nan_
242	QPVEL(pT)PTDK	_QPVELT[+80]PTDK_			_nan_
243	LLAEALNQVTQRA(pS)R	_LLAEALNQVTQRAS[+80]R_			_nan_
244	AS(pT)F(Cam)GTPDYIAPEILQGLK	_AST[+80]FGTPDYIAPEILQGLK_			_nan_
245	TN(pT)F(Cam)GTPDYIAPEILLGQK	_TNT[+80]FGTPDYIAPEILLGQK_			_nan_
246	EGLGPGDTTS(pT)F(Cam)GTPNYIAPEILR	_EGLGPGDTTST[+80]FGTPNYIAPEILR_			_nan_
247	LGTSE(pS)LP(Cam)TAEELSR	_LGTSES[+80]LPTAEELSR_			_nan_
248	STVLTPMFVE(pT)QASQGTLQTR	_STVLTPMFVET[+80]QASQGTLQTR_			_nan_
249	EIIDA(pS)DKEGM(pS)PAK	_EIIDAS[+80]DKEGMS[+80]PAK_			_nan_
250	FM(pY)FEFPQPLPVCGDIK	_FMY[+80]FEFPQPLPVCGDIK_			_nan_
251	THAVSVSETDD(pY)AEIIDEEDTYTMPSTR	_THAVSVSETDDY[+80]AEIIDEEDTYTMPSTR_			_nan_
252	YMEDST(pY)YK	_YMEDSTY[+80]YK_			_nan_
253	V(pY)ENVTGLVK	_VY[+80]ENVTGLVK_			_nan_
254	(pY)KNILPFDHTR	_Y[+80]KNILPFDHTR_			_nan_
255	GHE(pY)TNIK	_GHEY[+80]TNIK_			_nan_
256	V(pY)ENVGLMQQQK	_VY[+80]ENVGLMQQQK_			_nan_
257	IQNTGD(pY)YDLYGGEK	_IQNTGDY[+80]YDLYGGEK_			_nan_
258	RGGGSGGGEE(pS)EGEEVDED	_RGGGSGGGEES[+80]EGEEVDED_			_nan_
259	GTRDDE(pY)DYLFK	_GTRDDEY[+80]DYLFK_			_nan_
260	ST(pS)TPNVHMVSTTLPVDSR	_STS[+80]TPNVHMVSTTLPVDSR_			_nan_
261	SHSESA(pS)PSALSSSPNNL(pS)PTGWSQPK	_SHSESAS[+80]PSALSSSPNNLS[+80]PTGWSQPK_			_nan_
262	SHSESASPSALSS(pS)PNNL(pS)PTGWSQPK	_SHSESASPSALSSS[+80]PNNLS[+80]PTGWSQPK_			_nan_
263	SHSESASPSALSSSPNNL(pS)PTGWSQPK	_SHSESASPSALSSSPNNLS[+80]PTGWSQPK_			_nan_
264	GQRD(pS)SYYWEIEASEVMLSTR	_GQRDS[+80]SYYWEIEASEVMLSTR_			_nan_
265	IGSG(pS)FGTVYK	_IGSGS[+80]FGTVYK_			_nan_
266	A(pS)DDGKLTDPSK	_AS[+80]DDGKLTDPSK_			_nan_
267	(pS)NNIFLHEGLTVK	_S[+80]NNIFLHEGLTVK_			_nan_
268	(pS)RWSGSQQVEQPTGSVLWMAPEVIR	_S[+80]RWSGSQQVEQPTGSVLWMAPEVIR_			_nan_
269	DSSY(pY)WEIEASEVMLSTR	_DSSYY[+80]WEIEASEVMLSTR_			_nan_
270	SA(pS)EPSLHR	_SAS[+80]EPSLHR_			_nan_
271	TAVIPING(pS)PR	_TAVIPINGS[+80]PR_			_nan_
272	TNILQYASTRPPTL(pS)PIPHIPR	_TNILQYASTRPPTLS[+80]PIPHIPR_			_nan_
273	IPGGNIYI(pS)PLK	_IPGGNIYIS[+80]PLK_			_nan_
274	ELDENVEYEERE(pS)EFDIEDEDK	_ELDENVEYEERES[+80]EFDIEDEDK_			_nan_
275	IGLPH(pS)IK	_IGLPHS[+80]IK_			_nan_
276	SF(pS)SPENFQR	_SFS[+80]SPENFQR_			_nan_
277	TYETFK(pS)IMKK	_TYETFKS[+80]IMKK_			_nan_
278	DVYEEDS(pY)VK	_DVYEEDSY[+80]VK_			_nan_
279	DQFPEV(pY)VPTVFENYVADIEVDGK	_DQFPEVY[+80]VPTVFENYVADIEVDGK_			_nan_
280	AQ(pS)LKAPSIATIK	_AQS[+80]LKAPSIATIK_			_nan_
281	TL(pT)EPSVDFNHSDDFTPISTVQK	_TLT[+80]EPSVDFNHSDDFTPISTVQK_			_nan_
282	IADLGLA(pS)FK	_IADLGLAS[+80]FK_			_nan_
283	MQ(pS)LQLD(Cam)VAVPSSR	_MQS[+80]LQLDVAVPSSR_			_nan_
284	EGLN(pY)MVLATECGQGEEK	_EGLNY[+80]MVLATECGQGEEK_			_nan_
285	LTEG(Cam)(pS)FR	_LTEGS[+80]FR_			_nan_
286	RRL(pS)SLR	_RRLS[+80]SLR_			_nan_
287	L(pS)SLRASTSK	_LS[+80]SLRASTSK_			_nan_
288	LS(pS)LRASTSK	_LSS[+80]LRASTSK_			_nan_
289	LSSLRA(pS)TSK	_LSSLRAS[+80]TSK_			_nan_
290	TPKD(pS)PGIPPSAGAHQLFR	_TPKDS[+80]PGIPPSAGAHQLFR_			_nan_
291	GF(pS)FVATGLMEDDGKPR	_GFS[+80]FVATGLMEDDGKPR_			_nan_
292	(pT)PKD(pS)PGIPPSAGAHQLFR	_T[+80]PKDS[+80]PGIPPSAGAHQLFR_			_nan_
293	AENGLLM(pT)P(Cam)YTANFVAPEVLKR	_AENGLLMT[+80]PYTANFVAPEVLKR_			_nan_
294	TPTD(pS)PGVPPSANAHHLFR	_TPTDS[+80]PGVPPSANAHHLFR_			_nan_
295	TPKD(pS)PGIPPSANAHQLFR	_TPKDS[+80]PGIPPSANAHQLFR_			_nan_
296	(pY)VYVVTELMK	_Y[+80]VYVVTELMK_			_nan_
297	TVE(pY)LHAQGVVHR	_TVEY[+80]LHAQGVVHR_			_nan_
298	ESIHDGTVTH(pT)F(Cam)GTIEYMAPEILMR	_ESIHDGTVTHT[+80]FGTIEYMAPEILMR_			_nan_
299	QTPVDSPDDSTLSESANQVFLGF(pT)YVAPSVLESVK	_QTPVDSPDDSTLSESANQVFLGFT[+80]YVAPSVLESVK_			_nan_
300	LAEETEGP(pS)DGESAAEK	_LAEETEGPS[+80]DGESAAEK_			_nan_
301	QEEMN(pS)QQEEEEMETDAR	_QEEMNS[+80]QQEEEEMETDAR_			_nan_
302	VTIADD(pY)SDPFDAK	_VTIADDY[+80]SDPFDAK_			_nan_
303	FKQ(pY)LR	_FKQY[+80]LR_			_nan_
304	MAGFDGSAWDEEEEEPPDHQ(pY)YNDFPGK	_MAGFDGSAWDEEEEEPPDHQY[+80]YNDFPGK_			_nan_
305	ELFDDPS(pY)VNVQNLDK	_ELFDDPSY[+80]VNVQNLDK_			_nan_
306	EE(pS)AEELQAAEHPDEVEDPK	_EES[+80]AEELQAAEHPDEVEDPK_			_nan_
307	EVDYSD(pS)LTEKQWLK	_EVDYSDS[+80]LTEKQWLK_			_nan_
308	SSLAMNR(pS)R	_SSLAMNRS[+80]R_			_nan_
309	TVNGHLDS(pY)EK	_TVNGHLDSY[+80]EK_			_nan_
310	(pS)ASVSSISLTK	_S[+80]ASVSSISLTK_			_nan_
311	HLD(pS)PPAIPPR	_HLDS[+80]PPAIPPR_			_nan_
312	GSNE(pY)TEGPSVVK	_GSNEY[+80]TEGPSVVK_			_nan_
313	SELKPGELKPL(pS)K	_SELKPGELKPLS[+80]K_			_nan_
314	EDLGLHA(pY)R	_EDLGLHAY[+80]R_			_nan_
315	NTNE(pY)TEGPTVVPR	_NTNEY[+80]TEGPTVVPR_			_nan_
316	TSHVEND(pY)IDNPSLALTTGPK	_TSHVENDY[+80]IDNPSLALTTGPK_			_nan_
317	LIEDNE(pY)TAR	_LIEDNEY[+80]TAR_			_nan_
318	GTG(pY)IK	_GTGY[+80]IK_			_nan_
319	FI(Cam)VTPTT(Cam)SNTIDLPM(pS)PR	_FIVTPTTSNTIDLPMS[+80]PR_			_nan_
320	Y(Cam)RPESQEHPEADPGSAAP(pY)LK	_YRPESQEHPEADPGSAAPY[+80]LK_			_nan_
321	AVDG(pY)VKPQIK	_AVDGY[+80]VKPQIK_			_nan_
322	RL(pS)ACK	_RLS[+80]ACK_			_nan_
323	NA(pT)SPQVQRPSFMDYFDK	_NAT[+80]SPQVQRPSFMDYFDK_			_nan_
324	(pT)FVGTP(Cam)WMAPEVMEQVR	_T[+80]FVGTPWMAPEVMEQVR_			_nan_
325	DE(pT)MQPAKPSFLEYFEQK	_DET[+80]MQPAKPSFLEYFEQK_			_nan_
326	IPQDGD(pY)EFLK	_IPQDGDY[+80]EFLK_			_nan_
327	ASGQAFELIL(pS)PR	_ASGQAFELILS[+80]PR_			_nan_
328	D(pS)LESDSSTAIIPHELIR	_DS[+80]LESDSSTAIIPHELIR_			_nan_
329	QESTVSFNP(pY)EPELAPWAADK	_QESTVSFNPY[+80]EPELAPWAADK_			_nan_
330	SL(pS)LPGR	_SLS[+80]LPGR_			_nan_
331	SH(pS)SPASLQLGTGAGAAGSPAQQHAHLR	_SHS[+80]SPASLQLGTGAGAAGSPAQQHAHLR_			_nan_
332	KPEEESE(pS)SEEGSE(pS)EEEAPAGTR	_KPEEESES[+80]SEEGSES[+80]EEEAPAGTR_			_nan_
333	V(pS)PTASR	_VS[+80]PTASR_			_nan_
334	MEEPQSDPSVEPPL(pS)QETFSDLWK	_MEEPQSDPSVEPPLS[+80]QETFSDLWK_			_nan_
335	LMFKTEGPD(pS)D	_LMFKTEGPDS[+80]D_			_nan_
336	QYTE(pS)QLR	_QYTES[+80]QLR_			_nan_
337	(pS)VDFHFR	_S[+80]VDFHFR_			_nan_
338	GY(pT)ISDSAPSR	_GYT[+80]ISDSAPSR_			_nan_
339	GA(pS)TVSSSSSTK	_GAS[+80]TVSSSSSTK_			_nan_
340	QI(pS)FKAEVNSSGK	_QIS[+80]FKAEVNSSGK_			_nan_
341	AGGTSSPSPVVFTVG(pS)PPSGSTPPQGPR	_AGGTSSPSPVVFTVGS[+80]PPSGSTPPQGPR_			_nan_
342	AGEQQL(pS)EPEDMEMEAGDTDDPPR	_AGEQQLS[+80]EPEDMEMEAGDTDDPPR_			_nan_
343	QITNFQLSIENLDQSLAH(pY)GR	_QITNFQLSIENLDQSLAHY[+80]GR_			_nan_
344	(pS)LAFHTMLTK	_S[+80]LAFHTMLTK_			_nan_
345	SLYAS(pS)PGGVYATR	_SLYASS[+80]PGGVYATR_			_nan_
346	(pS)LEVLVADLVNAQK	_S[+80]LEVLVADLVNAQK_			_nan_
347	QA(pS)TDAGTAGALTPQHVR	_QAS[+80]TDAGTAGALTPQHVR_			_nan_
348	AH(pS)SPASLQLGAVSPGTLTPTGVVSGPAATPTAQHLR	_AHS[+80]SPASLQLGAVSPGTLTPTGVVSGPAATPTAQHLR_			_nan_
349	SGSSASESYAG(pS)EK	_SGSSASESYAGS[+80]EK_			_nan_
350	ALGADDSY(pY)TAR	_ALGADDSYY[+80]TAR_			_nan_
351	NYQSQADIPIR(pS)PFGIVK	_NYQSQADIPIRS[+80]PFGIVK_			_nan_
