Unnamed: 0	Peptides	Modified	DIANN_Mods
0	ySAHEEHHYDK	_Y[+80]SAHEEHHYDK_	Y(UniMod:21)SAHEEHHYDK
1	YFGyTSDTFGK	_YFGY[+80]TSDTFGK_	YFGY(UniMod:21)TSDTFGK
2	LSSGyDGTSYK	_LSSGY[+80]DGTSYK_	LSSGY(UniMod:21)DGTSYK
3	yGIFHDEGGGK	_Y[+80]GIFHDEGGGK_	Y(UniMod:21)GIFHDEGGGK
4	yGETTTSSELK	_Y[+80]GETTTSSELK_	Y(UniMod:21)GETTTSSELK
5	yDLHHSTDEIK	_Y[+80]DLHHSTDEIK_	Y(UniMod:21)DLHHSTDEIK
6	yDFSTHEDHDK	_Y[+80]DFSTHEDHDK_	Y(UniMod:21)DFSTHEDHDK
7	FyEDTGEDGLK	_FY[+80]EDTGEDGLK_	FY(UniMod:21)EDTGEDGLK
8	HyTEELLSTVK	_HY[+80]TEELLSTVK_	HY(UniMod:21)TEELLSTVK
9	HAyEGSFDVGK	_HAY[+80]EGSFDVGK_	HAY(UniMod:21)EGSFDVGK
10	AGySEELHDDK	_AGY[+80]SEELHDDK_	AGY(UniMod:21)SEELHDDK
11	VVyDEDLHDDK	_VVY[+80]DEDLHDDK_	VVY(UniMod:21)DEDLHDDK
12	HTAySDFLSDK	_HTAY[+80]SDFLSDK_	HTAY(UniMod:21)SDFLSDK
13	HFSyEGHSVDK	_HFSY[+80]EGHSVDK_	HFSY(UniMod:21)EGHSVDK
14	FDEyVADVHSK	_FDEY[+80]VADVHSK_	FDEY(UniMod:21)VADVHSK
15	TLDSyVSGHEK	_TLDSY[+80]VSGHEK_	TLDSY(UniMod:21)VSGHEK
16	VDSGTyFSESK	_VDSGTY[+80]FSESK_	VDSGTY(UniMod:21)FSESK
17	GGGEDyHLFDK	_GGGEDY[+80]HLFDK_	GGGEDY(UniMod:21)HLFDK
18	TGEDLyDDHTK	_TGEDLY[+80]DDHTK_	TGEDLY(UniMod:21)DDHTK
19	HFGADySHLEK	_HFGADY[+80]SHLEK_	HFGADY(UniMod:21)SHLEK
20	IHDFSyTSDTK	_IHDFSY[+80]TSDTK_	IHDFSY(UniMod:21)TSDTK
21	SGGFSHyDLDK	_SGGFSHY[+80]DLDK_	SGGFSHY(UniMod:21)DLDK
22	VITGTEyGFFK	_VITGTEY[+80]GFFK_	VITGTEY(UniMod:21)GFFK
23	TSEEEHyVHIK	_TSEEEHY[+80]VHIK_	TSEEEHY(UniMod:21)VHIK
